Gemeente,Provincie,13-05-2020,12-05-2020,11-05-2020,10-05-2020,09-05-2020,08-05-2020,07-05-2020,06-05-2020,05-05-2020,04-05-2020,03-05-2020,02-05-2020,01-05-2020,30-04-2020,29-04-2020,28-04-2020,27-04-2020,26-04-2020,25-04-2020,24-04-2020,23-04-2020,22-04-2020,21-04-2020,20-04-2020,19-04-2020,18-04-2020,17-04-2020,16-04-2020,15-04-2020,14-04-2020,13-04-2020,12-04-2020,11-04-2020,10-04-2020,09-04-2020,08-04-2020,07-04-2020,06-04-2020,05-04-2020,04-04-2020,03-04-2020,02-04-2020,01-04-2020,31-03-2020
's-Hertogenbosch,Noord-Brabant,126,126,126,126,126,126,126,125,124,124,124,124,124,124,124,123,123,122,122,120,118,117,117,115,115,115,115,111,110,108,106,106,103,102,102,101,97,87,84,81,80,72,69,67
Aa en Hunze,Drenthe,1,1,1,1,1,1,1,1,1,1,1,1,1,1,1,1,1,1,1,1,1,1,1,1,1,1,1,1,1,1,1,1,1,1,1,1,1,1,1,1,1,1,1,1
Aalsmeer,Noord-Holland,9,9,9,9,9,9,9,9,9,9,9,9,9,9,9,8,8,8,8,8,8,8,8,8,8,8,7,7,7,7,7,7,7,8,8,8,8,8,7,7,7,6,5,5
Aalten,Gelderland,8,8,8,8,8,6,6,6,6,6,6,6,6,6,6,6,6,5,5,5,5,4,4,4,4,2,2,2,2,2,2,1,1,1,1,1,1,1,1,1,1,1,1,1
Achtkarspelen,Friesland,0,0,0,0,0,0,0,0,0,0,0,0,0,0,0,0,0,0,0,0,0,0,0,0,0,0,0,0,0,0,0,0,0,0,0,0,0,0,0,0,0,0,0,0
Alblasserdam,Zuid-Holland,10,10,9,9,9,9,9,9,9,10,10,10,10,10,9,9,9,9,9,9,9,9,8,8,8,8,8,8,8,8,8,8,8,8,7,7,6,5,5,5,4,3,2,2
Albrandswaard,Zuid-Holland,14,14,12,12,12,11,11,10,10,10,10,10,10,10,10,10,9,9,9,9,9,9,9,9,9,9,9,8,8,8,8,8,7,7,6,6,5,5,5,5,5,5,5,4
Alkmaar,Noord-Holland,53,53,53,53,53,53,53,53,53,53,53,53,52,52,52,52,52,52,52,51,50,50,49,49,49,49,49,48,48,47,47,45,43,42,40,37,36,35,34,33,28,24,21,19
Almelo,Overijssel,22,22,22,22,22,22,22,22,22,22,22,22,22,22,21,21,21,21,21,21,20,20,20,20,20,20,20,18,18,18,18,18,18,18,16,15,15,15,14,13,13,12,10,8
Almere,Flevoland,122,121,121,121,121,120,119,119,119,119,118,118,116,115,115,113,113,113,109,109,108,107,105,103,103,101,101,99,98,95,94,91,90,88,84,83,80,77,77,72,67,61,50,46
Alphen aan den Rijn,Zuid-Holland,59,58,58,58,58,58,58,57,58,57,57,57,57,57,57,57,57,57,57,56,56,55,55,53,53,52,51,51,50,49,49,48,46,46,46,43,40,40,38,37,36,33,32,29
Alphen-Chaam,Noord-Brabant,17,17,17,17,17,17,17,17,17,17,17,17,17,17,17,17,17,17,17,17,17,17,17,17,16,15,15,15,15,15,15,15,15,15,15,15,14,13,11,11,10,10,9,9
Altena,Noord-Brabant,31,31,31,31,31,31,31,31,31,30,30,30,30,30,30,30,30,30,30,30,30,30,30,30,30,30,29,29,28,27,25,25,24,24,24,24,24,22,21,21,21,19,19,17
Ameland,Friesland,0,0,0,0,0,0,0,0,0,0,0,0,0,0,0,0,0,0,0,0,0,0,0,0,0,0,0,0,0,0,0,0,0,0,0,0,0,0,0,0,0,0,0,0
Amersfoort,Utrecht,58,58,58,58,58,58,56,56,56,56,56,56,56,56,56,56,56,56,56,56,54,54,53,54,53,52,52,51,51,48,48,48,48,47,43,42,37,36,36,34,31,28,24,24
Amstelveen,Noord-Holland,55,55,55,55,55,55,55,55,55,55,55,55,55,55,55,55,55,55,55,54,52,51,50,49,49,48,48,47,46,45,42,42,42,40,40,38,39,38,37,37,33,31,31,28
Amsterdam,Noord-Holland,595,595,590,585,584,583,580,580,575,567,563,559,556,545,540,533,527,525,518,512,504,495,480,476,466,452,453,439,413,401,368,355,354,346,344,340,341,330,323,306,286,263,246,244
Apeldoorn,Gelderland,77,77,77,77,78,74,70,70,70,70,69,69,68,67,63,62,59,59,58,54,51,50,49,45,44,43,42,41,38,38,38,37,34,34,33,30,30,28,28,26,24,22,22,19
Appingedam,Groningen,3,3,3,3,3,3,3,3,3,3,3,3,3,3,3,3,3,3,3,3,3,3,2,2,2,2,2,2,2,2,2,2,2,2,2,2,2,2,2,2,1,1,1,1
Arnhem,Gelderland,64,64,64,64,64,64,66,66,64,64,63,63,61,61,60,58,58,58,58,58,58,57,57,57,56,56,56,54,54,53,50,50,49,49,49,48,46,44,40,39,37,33,30,28
Assen,Drenthe,12,12,12,12,12,12,12,12,12,12,12,12,12,12,12,12,12,12,12,12,12,12,11,10,10,10,10,10,10,10,10,10,10,10,9,9,9,7,7,7,7,7,7,5
Asten,Noord-Brabant,18,18,18,18,18,18,18,18,18,18,18,18,17,16,15,15,15,14,14,14,14,14,14,14,14,14,14,13,13,12,12,11,11,9,9,9,8,8,8,8,7,6,5,4
Baarle-Nassau,Noord-Brabant,9,9,9,9,9,7,7,7,7,7,7,7,7,1,1,1,1,1,1,1,1,1,1,1,1,1,1,1,1,1,1,1,1,1,1,1,1,1,1,1,1,1,1,1
Baarn,Utrecht,11,11,11,11,11,11,11,11,11,11,11,11,11,11,11,11,10,10,10,10,11,11,11,10,10,10,10,10,9,8,8,7,7,7,7,7,7,7,7,7,7,4,2,2
Barendrecht,Zuid-Holland,37,36,36,36,36,36,37,36,36,36,36,36,33,31,31,31,29,29,29,29,29,29,29,29,29,29,29,29,28,28,28,27,27,27,24,22,21,21,21,21,20,18,17,16
Barneveld,Gelderland,18,18,18,18,18,18,18,18,18,18,18,18,18,18,18,18,18,17,17,17,17,17,16,16,15,14,13,12,12,12,12,12,12,11,11,10,10,9,9,9,8,8,8,5
Beek,Limburg,15,15,15,15,15,15,15,15,15,15,15,15,15,15,15,15,15,15,15,15,15,15,14,14,14,14,14,14,14,14,13,12,12,12,12,11,11,11,10,10,10,7,0,0
Beekdaelen,Limburg,50,50,50,50,50,49,49,49,49,49,48,48,48,47,47,45,45,45,44,44,44,43,42,42,42,42,40,40,40,40,36,36,37,37,37,35,34,34,32,29,28,28,12,12
Beemster,Noord-Holland,4,4,4,4,4,4,4,4,4,4,4,4,4,4,4,4,4,4,4,4,4,4,4,4,4,4,4,4,4,4,4,4,4,4,4,4,4,4,4,4,2,2,2,2
Beesel,Limburg,20,20,20,20,20,20,20,20,20,20,20,20,20,20,20,20,20,20,20,20,20,20,20,20,20,20,20,20,20,20,19,19,18,16,15,14,13,13,11,11,11,11,10,10
Berg en Dal,Gelderland,29,29,29,29,28,28,28,28,28,28,28,28,28,32,32,32,32,32,32,32,32,30,30,30,30,29,29,29,29,29,29,29,28,27,27,27,25,25,25,23,21,19,17,15
Bergeijk,Noord-Brabant,18,18,18,17,17,17,17,17,17,17,16,16,16,16,16,16,14,14,14,14,14,14,14,14,14,14,14,14,14,13,12,10,9,9,9,9,9,9,9,9,7,5,5,5
Bergen (L.),Limburg,7,7,7,7,7,7,7,7,7,7,7,7,7,7,7,7,7,7,7,7,7,6,6,6,6,6,6,6,6,6,6,6,6,5,5,5,5,4,4,3,3,3,3,3
Bergen (NH.),Noord-Holland,16,16,16,16,16,16,17,17,17,16,16,16,16,16,16,16,16,16,16,16,16,16,16,16,16,16,16,16,16,16,16,16,16,16,16,15,15,15,11,11,11,11,10,8
Bergen op Zoom,Noord-Brabant,23,23,23,23,22,22,22,22,22,21,21,21,21,21,21,21,21,21,21,21,21,21,21,21,21,20,20,20,19,19,17,17,17,17,16,15,15,15,14,14,14,13,13,11
Berkelland,Gelderland,11,11,11,11,11,10,10,10,10,8,7,6,6,6,6,6,6,6,6,6,6,6,6,6,6,5,5,5,5,5,3,2,2,2,2,2,2,1,1,1,1,1,1,1
Bernheze,Noord-Brabant,97,97,97,97,97,97,97,96,96,96,96,96,96,95,93,93,93,93,93,91,87,80,79,79,79,77,77,77,77,76,76,76,76,76,75,75,72,70,70,69,68,65,61,57
Best,Noord-Brabant,31,31,31,31,31,31,31,31,31,31,31,31,31,31,31,31,31,31,31,31,31,31,31,31,31,31,31,31,31,31,31,27,27,25,25,25,24,24,24,24,24,21,19,18
Beuningen,Gelderland,19,19,19,18,18,18,18,18,18,19,19,19,19,19,19,19,19,19,19,19,19,19,19,19,19,19,19,18,18,18,18,18,17,17,17,17,17,15,15,15,15,14,12,12
Beverwijk,Noord-Holland,15,15,15,15,15,15,15,15,15,15,15,15,15,15,15,15,15,15,15,15,15,15,15,15,15,15,15,15,15,15,15,14,13,11,10,10,10,10,10,9,8,7,7,5
Bladel,Noord-Brabant,20,20,20,20,20,19,19,19,19,19,19,18,18,17,17,18,18,18,18,18,18,17,17,17,17,17,16,16,15,15,15,14,14,13,13,13,13,12,12,12,11,11,10,7
Blaricum,Noord-Holland,8,8,8,8,8,8,8,8,8,8,8,8,7,7,7,7,7,7,7,7,7,7,7,7,6,6,6,5,5,5,5,5,5,5,5,5,5,5,5,5,5,5,2,1
Bloemendaal,Noord-Holland,7,7,7,7,7,7,7,8,8,8,8,8,8,7,7,6,6,6,6,6,6,6,6,6,6,6,6,6,6,6,5,5,5,5,5,5,5,5,4,4,4,3,3,3
Bodegraven-Reeuwijk,Zuid-Holland,7,7,7,7,7,7,7,7,7,7,7,7,7,7,7,7,7,7,7,7,7,7,7,7,7,7,7,7,7,7,7,7,7,7,6,5,5,5,5,5,4,3,3,2
Boekel,Noord-Brabant,35,35,35,35,35,35,35,35,35,35,35,35,35,35,35,35,35,35,35,35,34,32,31,31,31,31,31,31,31,31,31,29,29,29,28,28,28,27,27,27,27,26,23,21
Borger-Odoorn,Drenthe,4,4,4,4,4,4,4,4,4,4,4,4,4,4,4,3,3,3,3,2,2,2,2,2,2,2,2,2,2,2,2,2,2,2,2,2,2,2,2,2,2,1,1,1
Borne,Overijssel,14,14,14,14,14,14,14,14,14,14,14,14,14,14,14,14,14,14,14,13,13,13,13,13,13,13,13,13,13,13,13,13,13,13,13,13,13,13,13,13,12,10,10,10
Borsele,Zeeland,5,5,5,5,5,5,5,5,5,5,5,5,5,5,5,5,5,5,5,5,5,5,5,5,5,5,5,4,4,4,4,4,4,4,4,4,4,4,3,3,3,3,3,3
Boxmeer,Noord-Brabant,18,18,18,18,18,18,18,18,18,18,18,18,18,18,18,18,18,18,18,18,18,18,18,18,18,18,17,17,17,17,17,17,17,17,16,16,15,14,14,13,12,11,10,8
Boxtel,Noord-Brabant,23,23,23,23,23,23,24,24,24,24,24,24,22,22,22,22,22,22,22,22,21,21,20,20,20,19,18,17,17,17,17,17,17,16,15,13,12,11,11,11,11,9,9,9
Breda,Noord-Brabant,143,143,143,143,143,143,143,143,143,144,144,144,144,144,142,142,142,141,141,141,140,140,140,139,140,138,138,138,138,138,137,136,136,134,132,129,127,127,126,126,125,121,118,113
Brielle,Zuid-Holland,11,11,11,11,11,11,11,11,11,11,11,11,11,11,11,11,11,11,11,11,11,11,12,12,12,12,12,12,11,11,11,11,11,10,9,8,7,7,7,7,5,5,5,5
Bronckhorst,Gelderland,17,17,17,17,17,17,17,17,17,16,14,14,13,13,13,13,13,13,13,11,11,11,11,11,8,7,7,5,5,5,5,5,4,4,4,2,2,1,1,1,1,1,1,1
Brummen,Gelderland,17,17,17,16,16,16,16,16,16,16,16,16,16,19,19,18,18,18,16,16,16,16,16,15,14,14,12,11,10,9,9,9,8,8,8,8,7,6,6,6,6,5,4,3
Brunssum,Limburg,43,43,43,43,42,42,42,42,42,42,42,41,41,40,38,38,37,37,37,37,35,34,34,32,32,32,32,32,32,32,32,32,30,29,29,28,25,25,25,24,23,21,9,9
Bunnik,Utrecht,9,9,9,9,9,9,9,9,9,9,9,9,8,7,7,7,7,7,7,7,7,7,7,7,7,7,7,7,7,7,7,7,7,7,7,7,6,6,6,5,5,4,4,4
Bunschoten,Utrecht,9,9,9,9,9,9,9,9,9,9,9,9,9,9,9,9,8,7,7,6,5,5,5,5,5,5,5,5,4,4,4,4,4,4,4,3,3,3,3,2,2,2,2,1
Buren,Gelderland,16,16,16,16,16,16,16,16,16,16,16,16,15,15,15,14,14,14,14,13,13,13,12,12,11,11,9,9,9,7,7,7,7,7,7,7,7,7,7,6,6,5,5,5
Capelle aan den IJssel,Zuid-Holland,49,47,46,46,46,45,45,44,44,44,44,44,43,43,44,44,44,44,42,39,39,39,38,38,38,36,34,34,33,33,31,31,29,28,27,27,27,23,23,23,23,23,22,20
Castricum,Noord-Holland,15,15,15,15,15,14,14,14,14,14,14,14,14,14,14,14,14,14,14,14,14,14,14,14,14,13,13,13,13,13,13,13,13,13,13,13,13,12,12,12,11,8,8,8
Coevorden,Drenthe,13,13,13,13,13,13,13,13,13,13,13,13,13,13,12,12,12,12,12,12,12,12,12,12,12,12,12,11,9,9,9,9,9,9,9,9,9,9,7,7,6,6,6,5
Cranendonck,Noord-Brabant,63,63,63,63,62,62,62,62,62,62,62,62,60,60,60,60,59,59,59,59,59,59,58,58,58,58,58,58,58,57,57,56,53,48,48,48,45,44,44,44,41,38,35,28
Cuijk,Noord-Brabant,12,11,11,11,11,11,11,11,11,11,11,11,11,11,11,11,11,11,11,11,10,10,11,11,11,11,11,9,9,9,9,9,9,9,9,9,8,7,7,6,6,6,6,5
Culemborg,Gelderland,21,21,21,21,21,21,21,21,21,21,21,21,21,21,21,21,21,21,21,21,21,21,21,21,20,20,20,20,20,20,20,20,20,20,20,20,20,20,19,18,17,17,15,13
Dalfsen,Overijssel,16,16,16,16,16,16,16,16,16,16,16,16,16,15,15,15,15,15,15,15,15,15,15,15,15,15,15,15,15,15,15,15,14,15,15,15,13,12,10,10,9,9,7,7
Dantumadiel,Friesland,2,2,2,2,2,2,2,2,2,2,2,2,2,2,2,2,2,2,2,2,2,2,2,2,2,2,2,2,2,2,2,2,2,2,2,2,2,2,2,2,1,1,0,0
De Bilt,Utrecht,25,25,25,24,24,24,24,24,24,24,24,24,24,24,24,25,24,24,24,24,24,23,23,23,21,20,20,19,19,19,19,19,19,19,19,19,19,18,17,16,15,13,13,11
De Fryske Marren,Friesland,16,16,16,16,16,15,15,15,15,15,15,15,14,14,14,14,14,14,14,14,14,14,14,14,14,13,13,13,13,13,13,13,13,13,12,12,12,12,12,12,11,11,11,11
De Ronde Venen,Utrecht,39,39,39,39,39,39,39,39,39,39,39,39,39,39,39,38,38,38,38,37,37,36,36,36,35,34,31,29,28,27,26,26,26,24,24,23,22,21,18,17,17,16,12,11
De Wolden,Drenthe,11,11,11,11,11,11,11,11,11,11,11,11,11,11,11,11,11,11,11,10,10,10,10,9,9,9,9,9,8,8,8,8,8,7,7,5,5,2,2,2,2,2,2,2
Delft,Zuid-Holland,38,38,38,38,38,38,38,38,38,38,38,38,38,38,38,38,38,37,37,37,37,37,37,37,37,37,36,36,36,36,36,36,36,35,33,31,29,27,27,25,23,23,22,19
Delfzijl,Groningen,6,6,6,6,6,6,6,6,6,5,5,5,5,5,5,5,5,5,5,5,5,5,5,5,5,5,5,5,5,5,5,5,5,5,5,5,5,5,5,4,4,4,4,4
Den Helder,Noord-Holland,12,12,12,12,12,12,12,12,12,12,12,12,12,8,8,8,8,8,8,8,8,8,8,8,8,8,8,8,8,8,8,8,8,8,8,8,8,8,8,7,6,6,6,6
Deurne,Noord-Brabant,54,53,53,53,53,53,52,52,52,51,51,51,51,51,51,51,51,51,51,50,50,50,50,50,50,50,50,50,50,50,50,48,48,46,46,46,44,44,44,44,43,39,37,34
Deventer,Overijssel,46,46,46,46,46,45,45,45,45,45,45,44,44,43,43,42,42,42,42,42,41,41,41,41,41,41,39,39,38,37,36,35,33,32,32,32,29,28,26,26,25,25,22,21
Diemen,Noord-Holland,17,17,17,17,17,17,17,17,17,17,17,17,16,16,16,16,16,16,16,16,15,15,14,14,11,11,5,5,5,5,4,4,4,4,4,4,4,4,4,4,4,4,4,4
Dinkelland,Overijssel,19,19,19,19,19,19,19,19,19,18,18,18,18,18,17,17,17,17,17,17,17,17,17,17,17,17,17,17,17,17,17,17,17,17,16,16,16,16,16,16,15,15,13,11
Doesburg,Gelderland,9,9,9,9,9,9,9,9,9,9,9,9,8,7,7,7,7,7,7,7,7,7,7,7,7,7,7,5,5,5,5,5,4,4,4,4,4,4,4,3,3,3,3,3
Doetinchem,Gelderland,23,23,23,22,22,21,21,21,20,19,18,18,18,17,17,16,16,16,16,15,15,15,13,12,12,11,11,11,11,11,10,10,9,9,9,8,7,6,6,6,6,5,5,5
Dongen,Noord-Brabant,19,19,19,19,19,19,19,19,19,18,18,18,18,18,18,18,18,18,17,16,16,16,15,15,15,15,15,15,15,15,15,15,15,15,14,13,12,11,11,11,10,10,7,7
Dordrecht,Zuid-Holland,81,81,81,81,81,81,81,81,80,80,80,80,79,79,79,78,78,78,77,75,75,74,74,71,69,68,67,65,63,61,61,61,61,60,60,56,55,49,46,45,40,32,30,26
Drechterland,Noord-Holland,4,4,4,4,4,4,4,4,4,4,4,4,4,4,4,4,4,4,4,4,3,3,3,3,3,3,3,3,3,3,2,2,2,2,2,2,2,1,1,1,1,1,1,1
Drimmelen,Noord-Brabant,18,18,18,18,18,18,18,18,18,18,18,18,18,18,18,18,18,18,18,18,18,18,18,18,18,18,18,17,17,17,17,17,16,16,16,16,15,14,14,14,14,14,14,14
Dronten,Flevoland,29,29,29,29,29,29,29,29,29,28,27,27,27,27,27,27,27,27,27,26,25,25,25,25,25,24,23,23,21,21,21,19,19,19,18,16,15,15,15,15,12,12,10,8
Druten,Gelderland,24,24,24,24,24,24,24,24,24,24,24,24,24,24,23,23,23,23,23,21,21,21,21,21,20,20,20,20,19,19,19,19,19,19,17,16,16,16,16,16,16,13,13,12
Duiven,Gelderland,14,14,14,14,14,14,14,14,14,14,14,14,14,14,14,13,13,13,13,13,13,12,12,12,12,12,10,10,10,10,10,10,10,9,9,9,7,6,5,5,4,4,4,4
Echt-Susteren,Limburg,39,39,39,39,39,39,39,39,39,38,38,38,38,38,38,38,37,37,37,37,36,36,36,36,36,36,36,35,35,35,35,35,34,33,32,32,30,27,25,23,23,22,22,20
Edam-Volendam,Noord-Holland,23,22,21,21,21,21,21,21,21,21,21,21,21,21,21,21,21,21,21,21,20,20,19,19,19,19,19,19,19,19,19,19,19,18,17,16,14,14,14,14,11,10,10,10
Ede,Gelderland,54,53,53,53,53,53,54,54,54,54,53,53,53,53,53,53,53,53,53,53,53,53,53,52,51,51,51,50,49,49,49,49,48,47,46,44,42,41,37,34,31,31,29,24
Eemnes,Utrecht,2,2,2,2,2,2,2,2,2,2,2,2,2,2,2,2,2,2,2,2,2,2,2,2,2,1,1,1,1,1,1,1,1,1,1,1,1,1,1,1,1,1,1,1
Eersel,Noord-Brabant,26,26,26,26,25,25,25,25,25,25,25,24,24,24,22,22,22,22,22,22,22,22,22,22,22,22,21,21,21,20,20,19,19,18,18,18,18,18,18,18,16,15,13,11
Eijsden-Margraten,Limburg,52,52,52,52,52,52,52,52,52,52,52,52,52,52,51,51,51,51,51,51,50,50,49,49,49,49,48,48,47,47,46,46,45,43,41,37,36,36,32,29,25,24,6,6
Eindhoven,Noord-Brabant,173,173,170,168,167,166,166,166,167,166,165,162,160,159,156,156,149,149,149,149,145,142,142,142,142,142,142,140,140,137,133,122,111,102,95,94,93,87,87,87,79,69,62,46
Elburg,Gelderland,24,24,24,24,24,24,24,24,24,23,23,23,23,22,22,21,20,19,18,18,18,16,16,16,16,13,13,12,12,12,11,11,11,11,10,8,6,6,5,4,4,4,4,2
Emmen,Drenthe,20,20,20,20,20,20,20,20,20,20,20,20,20,20,20,20,20,20,20,19,19,19,17,15,15,15,15,14,14,13,13,13,13,13,13,13,12,9,9,9,6,6,6,6
Enkhuizen,Noord-Holland,18,18,18,18,18,18,18,18,18,18,18,18,18,18,18,18,18,18,18,18,18,18,18,18,18,18,18,18,17,17,17,17,16,16,16,16,15,14,14,14,14,14,14,13
Enschede,Overijssel,52,52,52,52,52,52,52,51,51,51,51,51,51,51,51,51,51,51,51,51,50,50,50,48,48,47,47,47,47,47,46,46,44,43,43,42,39,39,37,34,32,28,28,24
Epe,Gelderland,41,41,41,41,41,40,40,39,39,38,37,36,34,34,34,33,33,33,33,31,31,30,29,27,27,27,27,26,23,22,18,18,14,14,14,14,13,11,11,11,10,10,10,7
Ermelo,Gelderland,25,25,24,24,24,24,24,24,24,24,24,24,24,23,23,23,23,23,23,20,20,18,18,18,18,18,18,18,18,18,16,16,15,15,15,15,14,12,12,12,11,11,9,8
Etten-Leur,Noord-Brabant,40,40,40,40,40,40,41,41,41,41,41,40,40,40,40,40,40,40,40,40,40,40,39,38,38,38,38,38,38,37,37,36,35,35,33,33,31,31,31,31,29,26,23,21
Geertruidenberg,Noord-Brabant,11,11,11,11,11,11,11,11,11,11,11,11,11,11,11,11,11,11,11,11,11,11,10,10,10,9,9,9,9,9,9,9,9,9,9,9,9,9,9,9,9,8,7,7
Geldrop-Mierlo,Noord-Brabant,33,33,33,32,32,32,32,32,32,32,31,30,30,28,26,26,26,26,26,26,26,25,25,25,25,25,24,24,24,23,23,23,20,20,20,20,20,18,18,18,18,13,10,9
Gemert-Bakel,Noord-Brabant,79,79,79,77,77,76,76,76,75,75,75,74,73,72,72,72,72,72,72,71,71,71,71,71,71,71,70,70,70,69,67,66,65,65,63,62,61,61,61,61,59,57,56,48
Gennep,Limburg,16,16,16,16,16,16,16,16,16,16,16,16,16,16,16,16,16,16,15,15,15,15,15,15,15,15,15,15,15,14,14,14,14,14,13,13,12,12,12,11,11,11,11,9
Gilze en Rijen,Noord-Brabant,18,18,18,18,18,18,18,18,18,18,18,18,18,18,18,18,17,17,17,17,17,17,17,17,17,17,17,17,17,17,17,17,16,16,16,16,15,15,15,15,15,15,13,13
Goeree-Overflakkee,Zuid-Holland,53,53,53,53,54,54,54,53,53,53,53,53,53,53,53,53,53,53,53,53,53,52,52,52,52,51,51,50,48,47,46,46,43,43,40,40,39,37,35,33,32,29,26,24
Goes,Zeeland,11,11,11,11,11,11,11,11,11,11,11,11,11,11,11,11,11,11,11,11,11,11,11,11,11,11,11,10,10,10,9,9,9,9,9,8,8,8,8,8,8,7,6,5
Goirle,Noord-Brabant,32,31,31,31,31,30,29,28,28,27,27,27,26,26,26,26,26,26,26,26,26,26,26,25,25,25,25,25,25,25,24,24,24,24,24,24,23,21,21,20,20,19,17,16
Gooise Meren,Noord-Holland,23,23,23,23,23,23,23,23,23,23,23,23,23,23,23,23,23,23,23,23,23,23,23,23,23,23,23,22,21,21,21,21,20,20,20,20,19,16,16,16,15,15,15,10
Gorinchem,Zuid-Holland,18,18,17,17,17,17,17,17,17,17,17,17,17,17,17,17,17,17,17,17,17,16,16,16,16,16,16,15,15,14,14,14,14,14,14,13,11,11,11,10,10,10,10,9
Gouda,Zuid-Holland,37,37,37,37,37,37,36,36,36,36,36,36,35,35,35,35,35,33,33,32,32,32,32,32,32,32,32,32,31,31,30,29,28,28,27,26,24,23,22,21,18,15,13,13
Grave,Noord-Brabant,20,21,21,21,21,21,21,21,21,21,21,21,21,21,21,20,20,20,19,19,19,19,18,18,18,18,18,17,17,17,17,17,16,16,16,16,15,14,14,14,13,11,10,10
Groningen,Groningen,18,18,18,18,18,18,18,18,18,18,18,18,18,18,18,17,17,17,17,17,17,16,16,16,16,16,16,16,16,16,16,16,15,14,14,14,14,13,13,13,12,12,11,9
Gulpen-Wittem,Limburg,21,21,21,21,21,21,21,21,21,21,21,21,21,21,19,19,19,19,18,18,18,18,18,16,16,15,15,15,15,14,13,13,13,13,13,13,13,12,10,10,10,10,2,2
Haaksbergen,Overijssel,14,14,14,14,14,14,14,14,14,14,14,14,14,14,14,14,14,14,14,14,14,14,14,14,14,14,14,14,14,13,13,13,12,12,12,11,11,10,10,9,6,6,6,4
Haaren,Noord-Brabant,18,18,18,18,18,18,18,18,18,18,18,18,17,17,17,17,17,17,17,17,17,17,17,17,17,17,17,17,15,15,15,15,15,15,15,15,15,15,14,14,14,14,14,14
Haarlem,Noord-Holland,60,60,60,60,60,60,60,60,60,58,58,58,58,58,58,56,56,56,56,56,56,56,55,54,54,54,54,54,53,52,52,50,49,49,47,43,37,36,35,34,34,32,31,26
Haarlemmermeer,Noord-Holland,65,65,65,65,64,64,63,63,63,62,61,61,60,60,60,58,58,57,57,57,57,57,57,57,57,56,55,55,53,53,51,51,49,49,46,45,42,41,41,39,38,34,32,31
Halderberge,Noord-Brabant,13,13,13,13,13,13,13,13,13,13,13,13,13,13,13,13,13,13,13,13,13,13,13,13,12,12,12,11,11,11,11,11,9,9,9,9,9,9,9,9,9,9,9,9
Hardenberg,Overijssel,23,23,23,23,23,23,23,23,23,23,23,23,23,23,23,23,23,23,23,23,23,23,23,23,23,23,21,21,21,20,18,18,17,17,17,16,12,10,10,10,10,10,9,9
Harderwijk,Gelderland,35,35,35,33,33,33,32,31,31,30,30,30,29,29,28,28,28,27,27,25,24,23,23,19,19,18,18,16,15,15,15,15,15,13,12,11,10,8,8,8,8,8,8,8
Hardinxveld-Giessendam,Zuid-Holland,2,2,1,1,1,1,1,1,1,1,1,1,1,1,1,1,1,1,1,1,1,1,1,1,1,1,1,1,1,1,1,1,1,1,1,1,1,1,1,1,1,1,1,1
Harlingen,Friesland,4,4,4,4,4,4,4,4,4,4,4,4,4,4,4,4,4,4,4,4,4,4,4,4,4,4,4,3,3,3,3,2,2,2,2,2,2,2,2,2,2,1,1,1
Hattem,Gelderland,14,14,14,14,14,12,12,12,12,12,12,12,12,12,12,12,11,11,11,11,11,11,11,11,10,10,10,10,10,10,10,10,9,9,9,9,7,7,6,6,5,5,5,3
Heemskerk,Noord-Holland,26,26,25,25,25,25,25,25,25,25,25,25,25,25,25,25,25,25,25,25,25,25,25,25,25,25,25,26,26,25,21,21,21,20,20,19,19,19,18,18,18,17,17,14
Heemstede,Noord-Holland,10,10,10,10,10,10,10,10,10,10,10,10,10,10,10,10,10,10,10,10,10,10,10,10,10,10,10,9,9,9,9,8,8,8,8,8,8,8,8,8,6,5,5,4
Heerde,Gelderland,50,50,49,49,49,47,46,46,46,45,45,45,44,40,39,37,34,34,33,33,33,33,31,30,29,29,29,27,26,26,25,24,24,24,24,23,22,22,20,20,19,19,19,17
Heerenveen,Friesland,13,13,13,13,13,13,13,13,13,13,13,13,13,13,13,13,13,13,13,13,13,13,13,13,12,12,12,12,12,12,12,12,11,11,11,10,10,10,10,9,9,7,7,5
Heerhugowaard,Noord-Holland,27,27,27,27,27,27,27,27,27,27,27,27,26,26,26,26,26,26,26,26,25,25,25,25,25,25,25,24,23,22,22,22,22,22,22,22,22,22,22,22,21,19,19,17
Heerlen,Limburg,119,119,119,119,119,119,120,120,119,118,118,118,118,117,114,114,112,112,110,110,110,108,106,101,100,99,99,98,95,94,92,92,92,92,92,87,84,83,80,74,72,66,26,24
Heeze-Leende,Noord-Brabant,15,15,15,15,15,15,15,15,15,15,15,15,15,15,15,15,14,14,13,13,13,13,13,13,13,13,13,13,12,12,12,12,12,8,8,8,8,7,7,7,7,6,6,5
Heiloo,Noord-Holland,9,9,9,9,9,9,9,9,9,9,9,9,9,9,9,9,9,9,9,9,9,9,9,9,9,9,9,9,9,9,9,9,9,9,9,8,8,7,7,7,7,5,5,5
Hellendoorn,Overijssel,8,8,8,8,8,8,8,8,8,8,8,8,8,8,8,8,8,8,8,8,8,7,7,7,7,7,7,7,7,7,7,7,7,7,7,7,6,6,6,6,5,4,4,3
Hellevoetsluis,Zuid-Holland,16,14,14,14,14,14,14,14,14,14,14,14,14,14,14,14,14,14,14,14,14,14,14,14,14,14,14,14,13,12,11,11,11,11,11,11,8,8,8,7,7,6,6,4
Helmond,Noord-Brabant,112,112,112,111,110,108,108,108,107,105,105,103,96,96,95,95,92,92,92,92,90,90,90,90,90,90,90,86,86,81,74,66,64,60,59,59,54,54,54,54,52,45,38,35
Hendrik-Ido-Ambacht,Zuid-Holland,8,8,8,8,8,7,8,8,7,7,7,7,7,6,6,6,6,6,6,6,6,6,6,6,6,6,6,5,5,5,5,5,5,5,5,5,4,3,3,3,3,3,3,3
Hengelo,Overijssel,21,21,21,21,21,21,21,21,21,20,20,20,20,20,20,20,20,20,20,20,20,19,19,17,17,17,17,17,16,16,16,16,15,15,14,14,12,11,11,10,9,8,7,6
Het Hogeland,Groningen,7,7,7,7,7,7,7,7,7,7,7,7,7,7,7,7,7,7,7,7,7,7,7,7,7,7,7,7,7,7,7,7,7,7,7,7,5,5,5,5,5,4,4,4
Heumen,Gelderland,17,17,17,17,17,17,17,17,17,17,17,17,17,17,17,17,17,17,17,17,17,17,17,17,16,16,16,16,16,16,16,16,16,15,15,14,14,13,12,12,11,10,8,7
Heusden,Noord-Brabant,44,44,45,45,45,45,45,45,45,45,45,45,44,44,44,44,43,43,43,43,42,42,42,40,40,40,39,38,36,36,36,36,35,35,35,35,34,32,32,31,31,29,25,22
Hillegom,Zuid-Holland,7,7,7,7,7,7,7,7,7,7,7,7,7,7,7,7,7,7,7,7,7,7,7,7,7,7,7,7,6,6,6,6,6,5,5,5,5,5,5,5,5,4,3,3
Hilvarenbeek,Noord-Brabant,9,9,9,9,9,9,7,7,7,7,7,7,7,7,7,7,7,7,7,7,7,7,7,7,7,7,6,6,6,6,6,6,6,6,6,6,6,6,6,6,6,5,5,4
Hilversum,Noord-Holland,29,29,30,30,30,28,28,28,28,28,28,28,27,27,27,27,27,27,27,27,26,25,24,24,23,23,22,22,22,21,21,21,20,19,18,18,18,17,17,17,17,16,15,13
Hoeksche Waard,Zuid-Holland,76,74,74,74,74,74,74,74,74,73,73,73,71,71,70,71,71,70,70,70,69,69,69,67,67,67,66,65,65,64,64,64,64,62,60,58,57,51,49,49,42,35,30,29
Hof van Twente,Overijssel,15,15,15,15,15,15,15,15,15,15,15,15,15,15,15,15,15,15,15,15,14,14,14,14,14,14,14,14,14,14,14,14,14,14,13,13,13,12,12,10,10,10,9,8
Hollands Kroon,Noord-Holland,26,26,26,26,26,26,26,26,26,26,26,26,26,26,26,26,26,26,26,26,26,26,26,26,26,26,26,26,26,26,26,26,26,26,26,26,26,24,23,23,22,21,20,17
Hoogeveen,Drenthe,19,19,19,19,19,19,19,18,18,18,18,17,17,17,17,15,15,15,15,15,15,15,15,12,12,12,12,12,11,10,10,10,10,10,10,10,9,9,7,7,7,5,5,4
Hoorn,Noord-Holland,34,34,34,34,34,34,34,34,34,34,34,34,34,30,30,30,30,31,30,30,30,29,29,29,29,27,27,24,24,24,23,23,23,22,22,22,22,21,18,18,18,16,16,13
Horst aan de Maas,Limburg,41,41,41,41,41,41,41,41,41,41,41,41,41,40,40,40,40,40,40,40,40,40,40,40,40,40,40,40,40,40,40,40,38,38,38,36,36,36,34,34,33,29,25,21
Houten,Utrecht,24,24,24,24,24,24,24,24,24,24,24,24,24,24,24,24,24,24,24,24,24,24,24,23,23,23,23,22,20,18,18,18,18,17,17,17,16,16,15,13,13,12,10,9
Huizen,Noord-Holland,21,21,21,21,21,20,20,20,20,20,20,20,19,19,19,19,19,18,18,18,18,18,18,18,18,18,18,17,17,18,17,17,17,16,16,15,15,13,13,13,12,12,12,9
Hulst,Zeeland,9,9,9,9,9,9,9,9,9,9,9,9,9,9,9,9,8,8,8,8,8,8,8,8,8,8,8,8,8,8,8,8,8,7,6,6,6,4,4,4,4,4,4,4
IJsselstein,Utrecht,35,35,35,35,35,35,35,34,34,34,34,34,34,34,34,33,33,33,33,33,33,33,33,33,33,33,33,33,32,31,30,30,29,28,28,26,26,26,25,23,23,21,18,18
Kaag en Braassem,Zuid-Holland,6,6,6,6,6,6,6,6,6,6,6,6,6,6,6,6,6,6,6,6,6,6,6,6,6,6,6,6,6,6,6,6,6,5,5,5,5,5,5,5,5,4,4,4
Kampen,Overijssel,59,59,59,59,59,59,59,59,59,59,59,59,59,59,59,59,59,58,58,58,58,58,58,57,56,56,53,53,52,51,47,47,47,47,47,46,42,40,39,39,38,38,38,34
Kapelle,Zeeland,3,3,3,3,3,3,3,3,3,3,3,3,3,3,3,3,3,3,3,3,2,2,2,2,2,2,2,2,2,2,2,2,2,1,1,1,1,1,1,1,1,1,1,1
Katwijk,Zuid-Holland,29,29,29,29,29,29,26,26,26,26,26,26,26,26,26,26,26,25,25,24,23,22,22,22,21,21,21,21,20,18,17,17,17,17,17,16,14,12,12,12,12,11,9,8
Kerkrade,Limburg,62,62,61,61,61,61,63,63,63,62,61,60,58,58,56,56,56,56,55,54,54,54,53,53,53,53,51,51,51,49,46,46,47,47,44,42,40,38,36,34,33,30,10,10
Koggenland,Noord-Holland,6,6,6,6,6,6,6,6,6,6,6,6,6,6,6,6,6,6,6,6,6,6,6,6,6,6,7,7,7,7,6,6,6,6,6,6,6,6,6,6,6,6,6,4
Krimpen aan den IJssel,Zuid-Holland,10,10,10,10,10,9,9,9,9,9,9,9,9,9,9,9,9,9,9,9,9,9,9,9,9,9,8,8,8,8,8,6,6,6,5,5,5,5,4,4,4,4,3,2
Krimpenerwaard,Zuid-Holland,44,44,44,44,44,44,44,44,44,44,44,44,44,44,44,42,42,42,42,41,40,40,40,40,40,40,40,40,40,40,38,37,36,37,35,34,33,33,32,29,28,28,27,22
Laarbeek,Noord-Brabant,40,40,40,40,40,38,38,38,38,38,38,37,37,37,37,37,36,36,36,35,35,35,35,35,35,35,35,35,35,34,33,31,30,28,27,27,27,27,27,27,25,24,24,18
Landerd,Noord-Brabant,39,39,39,39,39,39,39,39,39,39,39,39,39,39,39,39,39,39,39,38,38,34,31,30,30,30,29,29,29,29,29,28,28,28,28,28,26,25,25,23,23,22,21,20
Landgraaf,Limburg,52,52,52,52,53,53,53,53,53,53,53,53,52,51,50,50,50,49,49,49,48,48,47,46,46,46,45,45,41,41,36,36,35,35,34,33,31,30,29,27,27,22,7,7
Landsmeer,Noord-Holland,3,3,3,3,3,3,3,3,3,3,3,3,3,3,3,3,3,3,3,3,3,3,3,3,3,3,3,3,3,3,3,3,3,3,3,3,3,3,3,3,3,3,3,3
Langedijk,Noord-Holland,16,16,16,16,16,16,16,16,16,16,16,16,16,16,16,16,16,16,16,16,16,16,16,16,16,16,16,16,16,15,15,15,15,15,15,15,14,13,12,11,10,8,8,6
Lansingerland,Zuid-Holland,41,41,41,41,41,41,40,40,40,40,40,40,39,37,36,36,36,36,36,36,36,35,35,35,35,35,35,34,33,32,30,30,29,29,29,26,26,22,22,20,20,18,16,15
Laren,Noord-Holland,8,8,8,8,8,8,8,8,8,8,8,8,8,8,8,8,8,8,8,8,8,8,8,8,8,8,8,8,8,8,8,8,8,8,8,8,8,7,7,7,7,7,6,5
Leeuwarden,Friesland,33,33,33,33,33,33,33,33,33,33,33,33,33,33,33,33,33,33,33,33,33,33,32,32,32,32,32,32,31,31,31,31,31,31,29,29,29,29,26,25,24,21,19,16
Leiden,Zuid-Holland,38,38,38,38,38,38,39,39,38,38,38,38,38,38,37,37,37,37,37,36,36,36,36,36,36,35,34,34,34,32,32,31,31,29,27,27,25,24,19,19,19,18,18,16
Leiderdorp,Zuid-Holland,12,12,12,12,12,12,12,12,12,12,11,11,11,10,10,10,10,10,10,10,10,10,10,10,10,10,9,9,9,9,9,9,9,8,8,8,7,6,6,6,6,5,5,5
Leidschendam-Voorburg,Zuid-Holland,19,19,19,19,19,19,19,19,19,19,19,19,19,19,19,19,19,19,19,19,19,19,19,20,20,20,19,19,18,17,17,17,16,16,16,16,15,12,12,11,9,8,7,7
Lelystad,Flevoland,62,62,62,63,62,62,62,61,60,57,57,57,57,56,56,56,56,56,56,51,51,51,50,49,49,49,49,49,45,43,43,42,43,40,37,34,33,32,32,31,30,27,25,24
Leudal,Limburg,51,52,52,52,52,52,53,52,52,53,53,53,53,53,53,53,53,53,53,53,53,53,53,53,53,53,53,53,52,52,52,52,51,51,51,50,47,46,46,41,38,35,33,32
Leusden,Utrecht,9,9,9,9,9,9,9,9,9,9,9,9,9,9,9,8,8,8,8,8,8,8,8,8,8,8,8,8,8,8,7,7,7,7,7,7,6,6,5,5,5,5,5,5
Lingewaard,Gelderland,30,30,30,30,30,30,30,30,30,30,30,30,30,29,29,29,29,29,29,28,28,28,28,28,28,28,28,28,26,24,24,24,23,23,22,21,21,21,21,19,18,18,17,14
Lisse,Zuid-Holland,7,7,7,7,7,6,6,6,6,6,6,6,6,6,6,6,6,6,6,6,6,6,6,6,6,6,6,5,5,5,5,5,5,5,5,5,5,4,4,4,3,3,3,3
Lochem,Gelderland,12,12,12,12,12,12,12,12,12,12,12,12,12,12,12,12,12,12,12,12,12,12,11,11,11,11,11,11,10,10,9,9,6,6,6,5,5,5,5,5,5,3,2,2
Loon op Zand,Noord-Brabant,24,24,24,24,24,24,23,23,23,21,21,21,20,20,20,20,20,20,20,20,20,20,20,20,20,20,20,20,20,20,20,20,20,20,20,20,20,19,19,17,17,15,15,15
Lopik,Utrecht,19,19,19,19,19,19,19,19,19,19,19,19,19,19,20,19,19,19,19,19,19,18,18,18,18,18,18,18,17,17,17,17,17,16,15,15,15,15,12,12,12,10,10,11
Loppersum,Groningen,0,0,0,0,0,0,0,0,0,0,0,0,0,0,0,0,0,0,0,0,0,0,0,0,0,0,0,0,0,0,0,0,0,0,0,0,0,0,0,0,0,0,0,0
Losser,Overijssel,7,7,7,7,7,7,7,7,7,7,7,7,7,7,7,7,7,7,7,7,7,7,7,7,7,7,7,7,6,6,6,6,6,6,6,6,6,6,6,6,4,3,3,2
Maasdriel,Gelderland,15,15,15,15,15,15,15,15,15,15,15,15,15,15,15,15,15,15,15,15,15,15,15,15,15,15,15,15,15,15,15,15,15,14,14,14,12,12,12,11,11,11,11,9
Maasgouw,Limburg,27,27,27,27,27,27,27,27,27,27,27,27,27,27,27,27,27,27,27,27,26,26,26,26,24,24,23,23,22,21,21,21,21,21,21,21,21,18,17,16,15,13,12,10
Maassluis,Zuid-Holland,19,18,18,18,18,18,18,18,18,18,18,17,17,17,17,17,17,17,17,17,17,17,17,14,14,14,14,14,14,14,14,14,13,13,13,13,12,11,10,10,10,9,8,8
Maastricht,Limburg,179,179,179,176,176,176,177,175,175,175,171,171,170,169,167,167,166,164,160,160,160,158,155,149,149,147,145,143,137,135,128,128,122,118,116,112,109,106,99,93,87,77,26,25
Medemblik,Noord-Holland,18,18,18,18,18,18,18,18,18,18,18,18,18,18,18,17,17,17,17,17,18,17,17,17,17,16,16,16,16,15,14,14,14,14,14,12,10,10,10,10,10,10,10,9
Meerssen,Limburg,21,21,21,21,21,21,21,21,21,21,21,21,21,21,21,21,20,20,20,20,20,18,18,17,17,16,16,15,15,15,13,13,13,12,11,11,11,10,10,9,8,7,3,3
Meierijstad,Noord-Brabant,210,210,209,209,208,208,208,206,206,206,205,205,205,203,202,202,202,200,197,195,191,180,172,169,169,169,169,166,166,166,166,165,165,165,160,155,150,144,144,142,134,124,112,110
Meppel,Drenthe,8,8,8,8,8,8,8,8,8,8,8,8,8,8,8,6,6,6,6,6,6,6,6,6,6,6,6,6,5,5,5,5,5,5,5,5,5,4,4,4,4,4,4,3
Middelburg,Zeeland,18,18,18,18,18,18,18,18,18,18,18,17,17,17,17,17,15,15,15,14,14,14,14,14,14,14,14,13,13,13,13,13,13,13,13,13,13,13,13,13,13,12,12,10
Midden-Delfland,Zuid-Holland,4,4,4,4,4,4,4,4,4,4,4,4,4,4,4,4,4,4,4,4,4,4,4,4,4,4,4,4,4,4,3,3,3,3,3,3,3,3,3,3,3,3,2,1
Midden-Drenthe,Drenthe,6,6,6,6,6,6,6,6,6,6,6,6,6,6,6,6,6,6,6,6,6,6,6,6,6,6,6,6,6,6,6,6,6,6,6,6,6,6,6,6,4,4,4,4
Midden-Groningen,Groningen,6,6,6,6,6,6,6,6,6,6,6,6,6,6,6,6,6,6,6,6,6,6,6,6,6,6,6,6,6,6,6,6,6,5,4,4,4,4,4,4,4,4,4,4
Mill en Sint Hubert,Noord-Brabant,9,9,9,9,9,9,9,9,9,9,9,9,9,9,9,9,9,9,9,9,9,9,9,9,9,9,9,9,9,9,9,9,9,9,9,7,7,7,7,7,6,6,6,6
Moerdijk,Noord-Brabant,14,14,14,14,14,14,14,14,14,14,14,14,13,13,13,13,13,13,13,13,13,13,13,13,13,13,13,13,9,9,9,9,9,9,9,7,7,7,7,7,7,6,6,5
Molenlanden,Zuid-Holland,18,18,18,18,18,18,18,18,18,18,18,18,18,18,18,18,18,18,18,18,18,17,17,17,17,17,17,16,16,16,16,16,16,16,15,15,15,14,14,14,13,10,10,9
Montferland,Gelderland,18,18,18,18,18,18,18,17,17,15,14,13,13,12,12,12,12,12,12,12,11,11,11,10,9,9,9,9,9,9,8,8,8,6,6,6,5,5,5,4,4,4,4,3
Montfoort,Utrecht,12,12,12,12,12,12,12,12,12,12,12,12,12,12,12,12,12,12,12,12,12,12,12,12,12,12,12,12,12,12,12,12,12,12,12,12,11,11,11,11,11,9,9,9
Mook en Middelaar,Limburg,6,6,6,6,6,6,6,6,6,6,6,6,6,6,6,6,6,6,6,6,6,6,6,6,6,6,6,5,5,5,5,5,4,4,4,4,4,4,3,3,3,3,3,3
Neder-Betuwe,Gelderland,34,34,34,33,32,32,32,32,31,31,31,31,31,31,31,31,31,31,31,31,31,31,31,31,31,31,31,31,31,31,31,30,30,30,30,30,29,29,28,27,26,26,26,22
Nederweert,Limburg,31,31,31,31,31,31,31,31,31,31,31,31,31,31,31,30,30,30,30,30,28,28,28,28,28,28,28,28,28,28,28,27,27,25,25,25,25,25,25,24,24,24,24,22
Nieuwegein,Utrecht,41,41,41,41,41,41,41,41,41,41,41,41,40,40,40,39,38,38,38,38,38,37,37,37,37,37,36,35,34,30,30,29,29,29,29,26,25,24,22,21,21,20,17,15
Nieuwkoop,Zuid-Holland,9,9,8,8,8,8,8,8,8,8,8,8,8,8,8,8,8,8,8,8,8,8,8,8,8,8,7,7,7,7,7,7,7,7,7,7,7,7,6,6,5,5,5,4
Nijkerk,Gelderland,22,22,22,22,22,22,22,22,22,22,22,22,22,22,22,22,21,21,21,21,21,21,21,21,21,21,21,21,21,21,21,21,20,20,19,18,18,17,18,17,16,14,11,10
Nijmegen,Gelderland,125,124,124,123,123,123,124,124,124,123,123,123,123,119,119,119,118,118,118,118,116,116,115,115,114,114,114,111,111,111,109,109,106,103,100,100,98,94,89,88,87,83,79,72
Nissewaard,Zuid-Holland,53,52,52,52,52,51,48,47,47,47,47,47,45,45,43,42,42,42,39,39,39,39,39,38,38,36,35,35,33,32,32,32,32,31,28,27,25,25,24,23,23,22,20,19
Noardeast-Fryslân,Friesland,6,6,6,6,6,6,6,6,6,6,6,6,6,6,6,6,6,6,6,6,6,6,6,6,6,6,6,6,6,6,5,5,5,5,4,4,4,4,4,4,4,4,4,4
Noord-Beveland,Zeeland,1,1,1,1,1,1,1,1,1,1,1,1,1,1,1,1,1,1,1,1,1,1,1,1,1,1,1,1,1,1,1,1,1,1,1,1,1,0,0,0,0,0,0,0
Noordenveld,Drenthe,4,4,4,4,4,4,4,4,4,4,4,4,4,4,4,3,3,3,3,3,3,3,3,2,2,2,2,2,2,2,2,2,2,2,2,1,1,1,1,1,1,1,1,1
Noordoostpolder,Flevoland,14,14,14,14,14,14,14,14,14,14,14,14,14,14,14,14,14,14,14,14,14,14,13,13,12,11,10,10,10,9,9,9,9,8,8,8,8,8,8,8,8,7,6,6
Noordwijk,Zuid-Holland,17,16,16,16,16,16,17,17,17,16,16,15,15,15,15,15,15,15,15,15,14,14,14,14,14,13,13,13,13,13,13,12,12,12,11,11,11,11,9,9,9,8,8,8
"Nuenen, Gerwen en Nederwetten",Noord-Brabant,17,17,17,17,17,17,17,17,17,17,16,16,16,16,16,16,16,16,16,16,16,15,15,15,15,15,14,14,14,14,13,13,12,12,12,12,12,12,12,12,12,11,9,7
Nunspeet,Gelderland,49,48,47,44,44,44,42,42,42,42,42,42,41,39,38,36,35,35,35,35,34,34,33,33,33,33,32,31,30,29,28,28,28,27,26,24,23,20,20,19,19,19,17,15
Oegstgeest,Zuid-Holland,8,8,8,8,8,8,8,8,8,8,8,8,8,8,8,8,8,8,8,8,8,7,7,7,7,7,6,6,6,6,6,6,6,6,5,5,5,5,5,5,5,3,3,3
Oirschot,Noord-Brabant,13,13,13,12,12,12,12,12,12,12,12,12,12,12,12,12,12,12,12,12,12,12,12,12,12,12,12,12,12,12,12,10,9,9,9,9,9,9,9,9,9,6,6,6
Oisterwijk,Noord-Brabant,22,21,21,21,21,21,20,18,17,16,16,16,16,16,16,16,16,16,16,16,16,16,16,16,16,16,16,16,16,16,16,16,16,16,16,14,13,10,10,10,10,10,10,9
Oldambt,Groningen,7,7,7,7,7,7,7,7,7,7,7,7,7,7,6,6,6,6,6,6,4,4,4,4,4,4,2,2,2,2,2,2,2,1,1,1,1,1,1,1,1,1,1,1
Oldebroek,Gelderland,37,37,37,37,37,36,37,37,37,35,35,34,33,32,32,32,30,30,29,27,27,26,26,25,25,24,24,24,23,23,22,22,19,19,18,17,13,11,10,9,8,8,8,6
Oldenzaal,Overijssel,14,14,14,14,14,14,14,14,14,14,14,14,14,14,14,14,14,14,14,14,14,14,14,14,14,14,14,14,14,14,14,14,14,14,13,13,11,11,11,10,10,10,8,8
Olst-Wijhe,Overijssel,12,12,12,12,12,12,12,12,12,12,12,12,12,12,12,12,12,12,12,12,12,12,12,12,12,12,12,12,12,10,9,9,9,9,9,9,9,7,6,6,6,6,5,5
Ommen,Overijssel,9,9,9,9,9,9,9,9,9,9,9,9,9,9,9,9,9,9,9,9,9,9,9,9,9,9,8,8,8,7,7,7,7,7,7,7,7,6,6,6,6,6,4,4
Oost Gelre,Gelderland,16,15,15,15,15,14,14,14,14,13,13,13,11,10,9,9,9,9,9,9,9,9,9,9,9,9,9,9,9,8,8,6,5,5,4,4,4,4,4,3,2,2,2,2
Oosterhout,Noord-Brabant,47,47,46,46,46,45,45,45,44,44,44,44,44,44,43,42,42,40,40,40,39,39,39,39,38,35,35,35,34,34,34,34,34,34,29,27,25,25,25,25,25,25,24,23
Ooststellingwerf,Friesland,3,3,3,3,3,3,3,3,3,3,3,3,3,3,3,3,3,3,3,3,3,3,3,3,2,1,1,1,1,1,1,1,1,1,1,1,1,1,1,1,1,1,1,1
Oostzaan,Noord-Holland,11,11,11,11,11,11,11,11,11,11,11,11,11,11,11,11,11,11,11,11,10,10,10,10,10,10,8,8,8,8,8,8,8,8,8,7,6,5,5,5,4,4,3,2
Opmeer,Noord-Holland,1,1,1,1,1,1,1,1,1,1,1,1,1,1,1,1,1,1,1,1,1,1,1,1,1,1,1,1,1,1,1,1,1,1,1,1,1,1,1,1,1,1,1,1
Opsterland,Friesland,7,7,7,7,7,7,7,7,7,6,6,6,6,6,6,6,6,6,6,6,6,6,6,6,6,6,5,5,5,5,5,5,5,5,5,5,5,5,5,5,5,4,4,4
Oss,Noord-Brabant,164,164,164,164,164,164,165,165,165,165,164,164,164,163,163,163,163,163,160,146,132,120,119,117,117,116,114,112,112,112,112,112,112,113,108,107,104,100,100,96,93,86,78,73
Oude IJsselstreek,Gelderland,18,18,18,17,17,17,17,17,17,17,16,16,15,15,15,15,15,15,15,14,14,14,13,12,12,12,12,11,11,9,8,7,7,7,6,5,5,5,4,4,4,3,2,2
Ouder-Amstel,Noord-Holland,5,5,5,5,5,5,5,5,5,5,5,5,5,5,5,5,5,5,5,5,5,5,5,5,5,5,5,5,5,5,5,5,5,4,4,4,4,4,4,4,4,4,3,3
Oudewater,Utrecht,25,25,25,25,25,25,25,25,25,25,25,25,25,25,25,25,25,25,25,25,25,25,25,25,24,24,24,24,23,21,21,21,21,20,20,20,20,20,18,16,16,16,15,15
Overbetuwe,Gelderland,56,56,56,56,56,56,56,56,56,56,56,56,56,56,56,56,56,56,56,56,56,55,55,55,55,55,54,54,54,53,52,52,51,48,49,47,47,45,43,43,42,39,38,32
Papendrecht,Zuid-Holland,8,8,8,8,8,8,8,8,7,7,7,7,7,7,7,7,7,7,7,7,7,7,7,7,7,7,7,7,7,7,7,7,7,7,5,4,3,3,3,3,1,1,1,0
Peel en Maas,Limburg,143,143,143,143,142,142,142,142,142,142,141,141,141,141,141,141,141,140,140,140,140,139,139,139,139,139,138,136,135,134,133,133,131,130,129,128,124,118,118,117,117,109,107,103
Pekela,Groningen,4,4,4,4,4,4,4,4,4,4,4,4,4,4,4,4,4,4,4,4,4,4,4,4,4,4,4,4,4,4,4,4,4,4,4,4,4,4,4,4,4,4,4,3
Pijnacker-Nootdorp,Zuid-Holland,23,23,23,23,23,23,23,23,23,22,21,21,21,21,21,21,21,21,21,21,21,22,22,22,22,21,21,20,19,19,19,18,18,17,15,15,15,14,13,11,10,10,10,9
Purmerend,Noord-Holland,64,64,64,64,64,64,64,64,64,64,64,64,64,64,64,64,64,64,64,62,61,61,61,61,61,61,61,60,59,55,55,55,55,54,54,52,50,47,47,47,44,38,37,35
Putten,Gelderland,6,6,5,5,5,5,4,4,4,4,4,4,4,4,4,4,4,4,3,3,3,3,3,3,3,3,3,3,3,3,3,3,3,3,3,2,2,1,1,1,1,1,1,1
Raalte,Overijssel,25,25,25,25,24,24,24,23,23,23,23,23,23,23,23,23,23,23,23,23,23,23,23,22,22,22,22,22,21,20,20,20,20,20,20,20,20,19,18,18,18,18,16,14
Reimerswaal,Zeeland,4,4,4,4,4,4,4,4,4,4,4,4,4,4,4,4,4,4,4,4,4,4,4,4,4,4,4,4,4,4,4,4,4,4,4,4,4,4,4,4,4,4,4,4
Renkum,Gelderland,14,14,14,14,14,14,14,14,14,14,14,14,14,14,14,14,14,14,14,14,14,14,14,14,14,14,14,14,14,14,14,14,14,14,13,12,12,11,11,11,11,11,11,10
Renswoude,Utrecht,5,5,5,5,5,5,5,5,5,5,5,5,5,5,5,5,5,5,5,5,5,4,4,4,4,4,4,4,4,4,4,4,4,4,4,3,3,3,3,3,1,1,1,1
Reusel-De Mierden,Noord-Brabant,11,11,11,11,10,10,10,10,10,10,10,10,10,10,10,10,10,10,10,10,10,10,10,10,10,10,9,9,9,8,8,7,7,7,7,7,7,7,7,7,6,5,4,1
Rheden,Gelderland,33,33,32,32,32,32,32,32,32,32,32,32,32,32,32,32,31,31,31,31,31,31,31,31,31,31,31,31,31,31,31,31,30,29,29,29,28,28,28,28,26,24,22,20
Rhenen,Utrecht,10,10,10,9,9,9,9,9,9,9,9,9,9,8,8,7,7,7,7,7,7,7,7,7,6,6,5,5,4,4,3,3,3,3,3,3,3,3,3,3,3,3,3,2
Ridderkerk,Zuid-Holland,37,37,37,37,36,35,34,34,34,34,34,34,34,33,33,33,33,33,32,32,32,32,32,31,31,31,31,29,29,29,29,28,28,29,28,27,27,27,26,24,23,23,22,18
Rijssen-Holten,Overijssel,29,29,29,29,29,29,29,29,28,28,28,28,28,28,28,27,27,27,27,27,26,26,26,26,26,25,24,24,24,23,22,22,20,20,19,18,17,16,16,15,13,13,8,8
Rijswijk,Zuid-Holland,32,33,33,33,33,33,33,33,33,33,33,33,33,32,31,30,29,29,28,27,27,25,23,23,23,21,20,19,19,18,17,17,16,16,15,16,16,14,14,14,14,13,12,12
Roerdalen,Limburg,27,27,27,27,27,27,27,27,27,27,27,27,27,27,27,27,27,26,26,26,26,26,26,26,26,26,26,26,26,25,25,25,24,24,24,22,21,21,19,18,18,17,16,13
Roermond,Limburg,58,58,58,58,58,58,58,58,58,58,58,58,58,58,58,58,58,56,54,54,54,54,53,53,53,51,51,50,49,48,48,48,46,46,42,40,37,37,37,36,33,30,30,25
Roosendaal,Noord-Brabant,27,27,27,27,27,27,27,27,27,27,27,27,27,27,26,26,26,26,25,25,24,24,23,23,22,21,21,21,19,19,19,18,18,17,15,15,15,15,15,15,15,12,12,11
Rotterdam,Zuid-Holland,477,470,468,468,466,458,454,449,448,442,440,436,427,418,408,404,401,392,385,380,375,368,361,353,347,334,328,319,311,298,282,275,261,255,239,230,211,198,181,172,159,151,132,120
Rozendaal,Gelderland,1,1,2,1,1,1,1,1,1,1,1,1,1,1,1,1,1,1,1,1,1,1,1,1,1,1,1,1,1,1,1,1,1,1,1,1,1,1,1,1,1,1,1,1
Rucphen,Noord-Brabant,9,9,9,9,9,9,10,10,10,8,8,8,8,8,8,8,8,8,8,8,7,7,7,7,7,7,7,7,7,7,7,7,7,6,6,6,6,6,6,5,5,4,4,3
's-Gravenhage,Zuid-Holland,292,292,291,290,290,287,287,283,282,281,281,280,277,278,274,274,273,268,265,262,261,259,255,246,242,240,233,229,224,212,207,200,191,180,167,159,151,139,130,121,115,112,96,81
Schagen,Noord-Holland,19,19,19,19,19,19,19,19,19,19,19,19,19,19,19,19,19,19,19,19,19,19,19,19,19,19,18,17,17,16,16,16,15,14,14,14,14,14,13,12,11,10,10,10
Scherpenzeel,Gelderland,4,4,4,4,4,4,4,4,4,4,4,4,4,4,3,3,3,3,3,3,3,3,3,3,3,3,3,3,3,3,3,3,2,2,2,2,2,2,0,0,0,0,0,0
Schiedam,Zuid-Holland,49,48,48,48,48,47,47,45,45,44,44,43,43,41,40,40,39,39,37,37,37,36,35,35,35,35,34,34,34,33,33,30,30,30,30,30,27,27,24,23,23,21,21,19
Schiermonnikoog,Friesland,0,0,0,0,0,0,0,0,0,0,0,0,0,0,0,0,0,0,0,0,0,0,0,0,0,0,0,0,0,0,0,0,0,0,0,0,0,0,0,0,0,0,0,0
Schouwen-Duiveland,Zeeland,11,11,11,11,11,11,11,11,11,11,11,11,11,11,11,11,11,11,11,11,11,11,11,11,11,10,10,10,10,10,9,9,9,9,9,9,9,9,8,8,7,7,7,6
Simpelveld,Limburg,18,18,18,18,18,18,18,18,18,18,18,18,18,17,17,17,17,17,17,17,17,17,17,17,17,17,17,17,17,17,17,17,16,16,16,15,15,15,14,14,13,8,2,2
Sint Anthonis,Noord-Brabant,20,20,20,20,20,20,20,20,20,20,20,20,20,20,20,20,19,19,19,19,19,19,19,19,19,19,19,19,18,18,18,18,18,18,17,17,16,15,15,15,15,14,14,14
Sint-Michielsgestel,Noord-Brabant,36,36,36,36,36,36,36,36,36,36,36,36,36,35,35,35,35,34,34,34,34,34,34,34,34,34,33,31,30,29,28,27,22,22,21,20,18,18,17,15,15,15,14,14
Sittard-Geleen,Limburg,113,113,112,112,112,111,112,112,112,111,111,111,111,109,108,106,105,104,104,104,103,98,95,95,95,92,91,91,91,91,91,91,88,85,81,76,74,71,68,65,63,55,25,24
Sliedrecht,Zuid-Holland,9,9,9,9,9,9,9,9,9,9,9,8,8,8,8,8,8,8,8,8,7,7,7,7,7,7,7,7,7,7,6,6,6,6,6,5,5,5,4,3,2,2,2,1
Sluis,Zeeland,8,8,8,8,8,8,8,8,8,8,8,8,8,8,8,8,7,7,7,7,7,7,7,7,7,7,7,7,7,7,7,7,7,7,6,6,6,5,4,4,4,4,4,4
Smallingerland,Friesland,9,9,9,9,9,9,9,9,9,9,9,9,9,9,9,9,8,8,8,7,7,7,7,7,7,7,7,7,7,7,6,6,6,6,6,6,6,6,6,5,5,5,5,5
Soest,Utrecht,23,23,23,23,22,22,22,22,22,22,22,22,22,22,22,22,22,22,22,22,22,22,21,21,21,20,20,20,20,20,19,19,17,17,17,17,16,14,14,14,13,10,9,9
Someren,Noord-Brabant,33,33,33,32,32,31,31,31,31,30,30,30,30,30,29,29,29,29,29,29,29,29,29,29,29,29,29,28,28,27,26,24,21,21,20,20,20,20,20,20,19,14,13,8
Son en Breugel,Noord-Brabant,31,31,31,31,31,31,31,31,31,31,31,30,29,29,29,29,27,27,27,27,27,27,27,27,27,27,27,27,27,27,27,25,23,23,23,22,22,22,22,22,20,19,18,15
Stadskanaal,Groningen,2,2,2,2,2,2,2,2,2,2,2,2,2,2,2,2,2,2,2,2,2,2,2,2,2,2,2,2,2,2,2,2,2,1,1,1,0,0,0,0,0,0,0,0
Staphorst,Overijssel,8,8,8,8,8,8,8,8,8,8,8,8,8,8,8,8,8,8,8,8,8,8,8,8,8,8,7,7,7,7,7,7,5,4,4,4,4,4,4,4,3,1,1,1
Stede Broec,Noord-Holland,19,19,19,19,19,19,19,19,19,19,19,19,19,19,19,19,19,19,19,19,19,18,18,18,18,18,18,17,17,16,16,16,16,15,15,15,15,15,13,13,13,11,11,10
Steenbergen,Noord-Brabant,13,13,13,13,13,13,13,13,13,13,13,13,13,13,13,13,13,12,12,12,12,12,12,12,12,12,12,12,11,11,11,11,11,10,9,9,9,8,8,8,8,7,7,7
Steenwijkerland,Overijssel,14,14,14,14,14,14,14,14,14,14,14,14,14,14,14,14,14,14,14,14,13,12,12,12,12,12,11,11,11,11,11,10,10,10,10,10,9,8,8,8,8,7,7,6
Stein,Limburg,43,43,43,43,43,43,43,43,43,43,43,43,43,43,41,41,40,40,39,39,39,39,38,38,38,38,38,37,37,36,36,36,36,35,35,34,33,31,28,26,25,24,11,11
Stichtse Vecht,Utrecht,32,32,32,31,31,31,31,31,31,31,31,31,31,30,30,30,30,30,30,30,30,30,28,28,28,28,27,27,26,26,26,26,25,25,25,25,25,23,22,20,20,18,16,16
Súdwest-Fryslân,Friesland,17,17,17,17,,17,17,17,17,17,17,17,17,,17,17,,17,17,,,17,17,,17,17,17,17,17,16,,16,16,14,14,14,,13,,13,13,13,13,12
Terneuzen,Zeeland,25,25,25,24,24,24,25,25,25,24,24,24,24,24,24,24,24,24,24,24,24,22,21,21,21,20,20,19,19,19,19,19,19,19,17,16,17,16,15,15,15,14,13,11
Terschelling,Friesland,0,0,0,0,0,0,0,0,0,0,0,0,0,0,0,0,0,0,0,0,0,0,0,0,0,0,0,0,0,0,0,0,0,0,0,0,0,0,0,0,0,0,0,0
Texel,Noord-Holland,4,4,4,4,4,4,4,4,4,4,4,4,4,4,4,4,4,4,4,4,4,4,4,4,4,4,4,4,4,4,3,3,3,3,3,3,3,3,3,2,2,2,1,1
Teylingen,Zuid-Holland,12,12,12,12,12,12,12,12,12,12,12,12,12,12,12,12,12,12,12,12,12,12,12,12,12,12,12,12,12,12,12,12,12,11,11,11,11,11,11,10,8,7,7,6
Tholen,Zeeland,40,40,40,40,39,38,38,38,38,38,38,38,38,38,38,38,38,38,38,38,38,38,38,38,37,37,36,35,34,34,34,34,33,33,33,32,31,30,30,30,26,25,23,20
Tiel,Gelderland,41,41,41,41,41,41,41,41,41,41,41,41,41,40,40,40,40,40,39,39,38,38,38,37,37,37,35,34,34,34,34,34,34,31,31,30,28,28,26,24,24,21,21,21
Tilburg,Noord-Brabant,244,220,218,218,218,218,199,198,197,184,184,183,175,175,175,175,171,170,168,167,166,166,164,163,163,163,161,160,160,159,158,158,158,158,153,150,148,144,144,139,135,124,119,115
Tubbergen,Overijssel,12,12,12,12,12,12,11,11,11,11,11,11,11,11,11,11,11,11,11,11,10,10,10,10,10,10,10,10,10,10,10,10,10,10,10,10,10,9,9,9,8,8,7,7
Twenterand,Overijssel,12,12,12,12,12,12,12,12,12,12,12,12,12,12,12,12,12,12,12,11,11,11,11,11,11,10,10,10,10,9,9,9,8,8,8,8,8,8,8,7,6,6,5,5
Tynaarlo,Drenthe,9,9,9,9,9,9,9,9,9,9,9,9,9,9,9,9,9,9,9,8,8,8,8,8,8,8,8,8,7,7,7,7,7,7,7,7,7,7,7,7,6,5,5,5
Tytsjerksteradiel,Friesland,4,4,4,4,4,4,4,4,4,4,4,4,4,4,4,4,4,4,4,4,4,4,4,4,4,4,4,4,4,4,4,4,4,4,4,4,4,3,3,3,3,3,1,1
Uden,Noord-Brabant,116,116,116,116,116,116,116,116,116,116,116,116,116,116,115,115,114,114,112,111,107,99,93,90,89,88,88,88,88,88,88,88,88,87,86,84,82,82,82,81,80,77,73,67
Uitgeest,Noord-Holland,5,5,5,5,5,5,5,5,5,5,5,5,5,5,5,5,5,5,5,5,5,5,5,5,5,5,5,5,5,4,4,3,3,3,3,3,3,3,3,3,3,3,3,3
Uithoorn,Noord-Holland,16,16,16,16,16,16,16,16,16,16,16,16,16,16,16,16,16,16,16,16,16,16,16,16,15,15,15,14,12,12,12,12,12,12,12,12,12,10,9,9,9,9,9,9
Urk,Flevoland,22,22,22,22,22,22,21,21,21,21,21,21,21,21,21,21,21,21,20,20,19,19,19,19,19,19,19,19,19,19,19,19,19,19,18,18,16,16,14,14,13,12,11,11
Utrecht,Utrecht,250,250,247,246,244,243,243,243,241,240,238,233,233,227,227,223,219,211,211,210,208,207,202,203,200,199,188,183,176,163,158,156,154,145,143,140,134,131,120,111,103,90,80,75
Utrechtse Heuvelrug,Utrecht,29,29,29,29,29,29,29,29,29,29,29,30,30,30,30,29,29,29,28,28,27,26,25,24,23,23,22,22,21,21,21,21,21,19,19,19,19,17,16,15,13,11,10,11
Vaals,Limburg,10,10,10,10,10,10,10,10,10,10,10,10,10,10,10,10,10,10,10,10,10,10,9,9,9,9,9,9,9,9,9,9,8,8,8,7,7,7,7,6,6,6,2,2
Valkenburg aan de Geul,Limburg,17,17,17,17,17,17,17,17,17,17,17,17,16,16,16,16,16,16,16,16,16,16,16,16,16,16,15,14,14,14,13,13,13,13,13,13,13,12,10,8,8,3,2,2
Valkenswaard,Noord-Brabant,19,19,19,19,19,18,17,17,17,17,17,17,16,16,16,16,15,15,15,15,15,15,15,15,15,15,15,15,15,14,13,13,11,10,10,10,10,10,10,10,10,8,8,6
Veendam,Groningen,2,2,2,2,2,2,2,2,2,2,2,2,2,2,2,2,2,2,2,2,2,2,2,2,2,2,2,2,2,2,2,2,1,1,1,1,1,1,1,1,1,1,1,1
Veenendaal,Utrecht,47,47,47,47,47,47,47,47,47,47,47,47,47,47,47,47,45,41,40,40,39,39,37,37,37,37,37,36,34,32,30,30,28,27,24,22,15,14,12,9,9,7,7,7
Veere,Zeeland,6,6,6,6,6,6,6,6,6,6,6,6,6,6,6,6,6,6,6,6,6,6,6,6,6,6,6,5,5,5,5,5,5,4,4,4,4,3,3,3,3,3,3,3
Veldhoven,Noord-Brabant,31,31,31,31,31,31,31,31,30,29,29,28,28,28,28,28,26,26,26,26,26,25,25,25,25,25,25,25,25,25,23,21,21,20,18,17,16,15,15,15,14,9,8,7
Velsen,Noord-Holland,31,31,31,31,31,31,31,31,31,30,30,30,30,30,30,30,30,29,29,28,28,28,28,28,28,27,27,26,26,25,25,25,25,25,21,21,19,18,18,17,16,16,15,13
Venlo,Limburg,125,125,125,125,125,125,125,125,125,125,125,125,125,125,124,124,124,124,123,122,119,118,118,118,118,118,116,115,115,115,115,113,112,109,105,101,100,95,85,83,80,72,66,64
Venray,Limburg,37,37,37,37,37,37,37,37,37,37,37,37,37,37,37,37,36,36,36,36,36,36,36,36,36,36,36,35,35,35,35,35,35,34,34,34,33,32,29,25,23,23,22,22
Vijfheerenlanden,Utrecht,33,33,33,32,32,32,31,31,31,31,31,30,30,29,29,29,28,27,27,27,27,27,27,27,27,25,25,24,22,20,20,20,20,20,20,20,20,19,16,16,15,12,11,11
Vlaardingen,Zuid-Holland,41,41,41,41,41,40,40,37,37,36,36,36,36,34,33,33,33,33,32,32,31,31,31,30,30,30,30,30,30,29,27,27,27,26,26,23,22,22,20,18,17,16,15,12
Vlieland,Friesland,0,0,0,0,0,0,0,0,0,0,0,0,0,0,0,0,0,0,0,0,0,0,0,0,0,0,0,0,0,0,0,0,0,0,0,0,0,0,0,0,0,0,0,0
Vlissingen,Zeeland,9,9,9,9,9,9,9,9,9,9,9,9,9,9,9,9,9,9,9,9,9,9,8,8,8,8,8,8,8,8,8,8,8,8,8,8,7,7,6,6,6,6,6,5
Voerendaal,Limburg,17,17,17,17,17,17,17,17,17,17,17,17,17,17,16,16,16,16,16,16,16,16,16,16,16,16,16,16,15,14,13,13,12,12,12,12,11,11,9,9,8,7,2,2
Voorschoten,Zuid-Holland,9,9,9,9,9,9,11,11,10,9,9,9,9,9,9,9,9,9,9,9,9,9,9,9,9,9,9,9,9,9,9,9,8,8,8,8,8,7,7,7,6,5,5,4
Voorst,Gelderland,15,15,15,15,15,14,14,14,14,13,12,12,12,11,11,11,11,11,11,11,11,11,11,11,11,11,11,10,10,10,10,10,9,9,9,8,8,7,7,7,6,6,3,3
Vught,Noord-Brabant,41,41,41,41,41,41,41,41,41,41,41,41,41,41,41,39,38,37,37,37,37,37,37,37,37,37,36,36,36,36,36,35,33,33,33,32,31,29,27,27,27,25,24,23
Waadhoeke,Friesland,11,11,11,11,11,11,11,11,11,11,11,11,11,11,11,11,11,11,11,11,10,10,9,9,9,9,9,9,9,8,7,6,6,6,6,6,6,6,6,5,4,4,4,2
Waalre,Noord-Brabant,7,7,7,7,7,7,7,7,7,7,7,7,7,7,7,7,6,6,6,6,6,6,6,6,6,6,6,6,6,5,5,5,5,4,4,4,3,3,3,3,3,1,1,0
Waalwijk,Noord-Brabant,33,32,31,30,30,29,28,28,28,27,28,27,23,23,23,23,23,23,23,23,23,23,23,23,23,23,23,23,23,23,23,23,23,23,23,19,18,18,17,17,15,15,16,16
Waddinxveen,Zuid-Holland,16,16,16,16,16,16,16,16,16,16,16,16,16,16,16,16,16,16,16,16,16,15,15,14,13,13,11,11,11,11,11,11,11,11,11,9,9,9,8,7,7,6,6,4
Wageningen,Gelderland,20,20,20,20,20,20,20,20,20,20,20,20,20,20,19,19,19,19,19,19,19,19,18,18,17,17,17,16,14,14,13,11,11,10,10,10,9,9,8,8,8,6,6,5
Wassenaar,Zuid-Holland,8,8,8,8,8,8,8,8,8,8,8,8,8,8,8,8,8,8,8,8,8,8,8,8,8,8,8,8,7,7,7,7,7,7,6,6,5,4,2,2,2,2,2,2
Waterland,Noord-Holland,16,16,16,16,16,16,15,15,15,15,15,15,15,15,14,14,14,14,14,14,14,14,14,14,14,14,14,14,13,12,12,12,12,11,11,11,10,9,9,9,8,8,8,8
Weert,Limburg,66,66,65,65,65,65,65,65,65,65,65,65,65,64,64,63,63,63,63,63,62,61,58,57,57,56,56,56,55,55,55,55,55,53,52,49,43,40,37,34,33,31,30,27
Weesp,Noord-Holland,9,9,9,9,9,9,9,9,9,9,9,9,9,9,9,9,9,9,9,9,9,9,9,9,9,9,9,9,9,9,9,9,9,8,8,8,8,5,5,5,5,5,4,2
West Betuwe,Gelderland,42,42,42,42,42,42,42,42,42,42,42,42,41,41,41,41,40,40,40,40,40,40,40,38,38,38,36,34,33,32,32,29,28,27,27,27,24,23,21,18,17,15,14,12
West Maas en Waal,Gelderland,17,17,17,17,17,17,17,17,17,17,17,17,17,17,17,17,16,16,16,16,16,16,16,16,15,14,14,14,13,12,12,11,11,11,11,11,11,11,11,9,9,9,9,9
Westerkwartier,Groningen,14,14,14,14,14,14,14,14,14,14,14,14,14,14,14,14,14,14,14,14,14,14,14,14,14,14,14,14,14,14,14,13,13,13,12,12,12,11,11,10,10,10,9,9
Westerveld,Drenthe,9,9,9,9,9,9,9,9,9,9,9,9,9,9,9,8,8,8,8,8,8,8,8,8,8,8,8,8,6,6,6,6,6,6,5,4,3,3,3,3,3,2,1,1
Westervoort,Gelderland,12,12,12,12,12,12,12,12,12,12,12,12,12,12,12,12,12,12,12,12,12,12,12,10,10,10,10,10,10,10,9,9,9,8,8,7,5,5,4,4,4,3,3,2
Westerwolde,Groningen,5,5,5,5,5,5,5,5,5,5,5,5,5,5,5,5,5,5,5,5,5,5,5,5,5,5,5,5,5,5,5,5,5,5,5,5,5,5,5,4,4,4,4,4
Westland,Zuid-Holland,58,58,57,57,57,57,57,56,56,56,55,55,55,53,52,51,51,51,50,49,49,49,49,48,48,47,47,44,43,42,41,40,40,39,39,38,38,36,33,32,29,28,26,25
Weststellingwerf,Friesland,3,3,3,3,3,3,3,3,3,3,3,3,3,3,3,3,3,3,3,3,3,2,2,2,2,2,2,2,2,2,2,2,2,2,2,2,2,2,2,2,2,2,2,2
Westvoorne,Zuid-Holland,6,6,6,6,6,6,7,7,7,7,7,7,7,6,6,6,6,6,6,6,6,6,6,6,6,6,6,6,6,6,6,6,6,6,6,5,5,5,5,5,5,4,4,4
Wierden,Overijssel,5,5,5,5,5,5,5,5,5,4,4,4,4,4,4,4,4,4,4,4,4,4,4,4,4,4,4,4,4,4,4,4,4,4,4,3,2,2,2,2,2,2,2,2
Wijchen,Gelderland,41,41,41,40,40,40,40,40,40,40,40,39,39,39,38,38,38,38,38,38,38,38,38,38,38,38,38,38,38,37,36,36,36,35,35,34,34,33,33,33,32,31,30,27
Wijdemeren,Noord-Holland,8,8,8,8,8,8,8,8,8,8,8,8,7,7,7,7,7,7,7,7,7,7,7,7,7,7,7,7,7,7,7,7,7,7,7,6,6,5,5,5,5,5,4,3
Wijk bij Duurstede,Utrecht,9,9,9,9,9,9,9,9,9,9,9,9,9,9,9,8,8,8,8,8,8,8,8,8,8,8,8,8,8,8,7,7,7,8,8,8,8,8,8,7,7,7,7,5
Winterswijk,Gelderland,5,5,5,5,5,5,5,5,5,5,5,5,4,4,4,3,3,3,3,3,3,3,3,3,3,3,3,3,3,3,3,3,2,2,2,2,1,1,1,1,1,1,1,1
Woensdrecht,Noord-Brabant,5,5,5,5,5,5,5,5,5,5,5,5,5,5,5,5,5,5,5,5,5,5,4,4,4,4,4,4,4,4,4,4,4,4,4,4,4,4,4,4,4,4,4,4
Woerden,Utrecht,47,47,47,47,46,46,47,47,47,47,45,45,45,45,45,45,45,45,45,45,45,46,46,46,46,46,45,45,45,42,39,37,37,36,35,34,33,33,31,28,27,26,25,22
Wormerland,Noord-Holland,20,20,20,20,20,20,20,20,20,20,20,20,20,19,19,18,18,18,18,18,18,17,17,16,16,16,16,16,16,16,16,16,16,16,15,14,13,12,12,12,11,10,9,8
Woudenberg,Utrecht,9,9,9,9,9,9,9,9,9,9,9,9,9,9,9,9,9,9,9,9,9,9,9,9,9,9,9,9,9,8,8,7,7,7,7,7,7,6,6,5,3,2,2,2
Zaanstad,Noord-Holland,111,111,110,110,110,110,110,110,110,107,107,107,107,107,106,104,104,104,104,104,104,104,104,101,101,101,98,95,93,88,88,88,88,89,86,82,78,71,71,70,48,35,34,32
Zaltbommel,Gelderland,19,19,19,19,19,19,19,19,19,19,19,19,19,18,18,18,18,18,18,18,18,18,18,18,18,18,18,18,18,17,17,17,17,16,15,14,13,13,13,10,10,10,9,8
Zandvoort,Noord-Holland,10,10,10,10,10,10,10,10,10,10,10,10,10,10,10,10,10,10,10,10,10,10,10,10,10,10,10,10,10,10,9,8,8,8,8,8,7,7,7,7,7,6,4,4
Zeewolde,Flevoland,12,12,12,12,11,11,11,11,11,11,11,11,11,11,11,11,11,11,11,10,9,9,9,8,8,8,8,8,8,8,8,8,8,8,6,6,6,6,6,5,5,5,4,3
Zeist,Utrecht,35,35,35,35,34,34,34,34,34,34,33,33,33,33,33,33,34,34,34,35,35,35,34,34,31,30,30,30,29,29,29,27,26,26,26,26,25,25,23,20,18,15,13,12
Zevenaar,Gelderland,43,43,43,43,43,43,44,43,43,43,43,43,43,42,42,42,42,42,42,42,42,42,42,42,41,41,39,39,39,39,38,36,32,29,28,27,27,27,26,24,24,20,18,16
Zoetermeer,Zuid-Holland,47,46,46,46,46,46,46,47,47,47,47,47,47,47,46,46,46,46,45,45,39,38,38,38,38,37,37,37,37,37,36,34,34,33,31,31,30,28,28,25,24,23,22,21
Zoeterwoude,Zuid-Holland,3,3,3,3,3,3,3,3,3,3,3,3,3,3,3,3,2,2,2,2,2,2,2,2,2,2,2,2,2,2,2,2,2,2,2,2,2,2,2,2,2,2,2,2
Zuidplas,Zuid-Holland,23,23,23,23,23,23,23,23,23,23,22,22,22,22,22,22,22,22,22,21,21,20,19,19,19,19,17,17,17,17,17,17,16,16,16,16,14,13,12,12,12,10,10,9
Zundert,Noord-Brabant,20,20,20,20,20,20,20,20,20,20,20,20,20,20,20,19,19,19,19,19,19,19,19,19,19,19,19,19,17,16,16,16,16,15,15,15,15,14,14,14,14,14,13,13
Zutphen,Gelderland,27,27,27,27,27,26,25,25,25,24,23,23,23,20,20,20,20,20,20,19,19,18,18,18,18,18,18,18,17,17,17,17,15,15,12,12,12,11,10,10,10,9,8,5
Zwartewaterland,Overijssel,35,35,35,35,35,35,35,36,36,35,35,35,35,35,35,35,35,32,32,32,32,32,32,32,31,31,31,31,31,31,31,30,30,30,29,27,25,22,22,22,21,21,20,20
Zwijndrecht,Zuid-Holland,23,23,23,23,23,22,22,21,21,20,20,20,17,17,16,16,16,16,16,16,15,15,15,14,14,14,14,13,13,12,12,12,12,12,12,11,11,11,11,11,11,9,9,9
Zwolle,Overijssel,53,53,53,53,53,53,54,54,54,53,53,53,53,53,53,53,53,53,53,52,52,52,52,52,52,51,51,50,50,50,46,44,43,42,42,41,38,38,35,35,33,33,28,24
Súdwest Fryslân,Friesland,,,,,17,,,,,,,,,17,,,17,,,17,17,,,17,,,,,,,16,,,,,,14,,13,,,,,